donor,donor_short,ngo_eligible,for_profit_eligible,local_registration_required,local_board_required,authorized_signatory_signoff_required,govt_endorsement_letter_required,tax_exempt_status_required,sam_uei_registration_required,prior_track_record_required,partnership_mandatory,local_partner_required,prefinance_required,cost_sharing_match_required,audited_financials_required,ethics_irb_approval_required,concept_note_required,full_technical_proposal_required,detailed_budget_required,budget_narrative_required,logframe_results_framework_required,theory_of_change_required,workplan_timeline_required,mande_plan_required,cvs_key_personnel_required,org_capacity_statement_required,letters_of_support_required,partner_mou_required,registration_certificate_required,bank_details_required,due_diligence_questionnaire_required,safeguarding_policy_required,data_management_plan_required,risk_management_plan_required,sustainability_exit_plan_required,gender_inclusion_plan_required,environmental_safeguard_required,procurement_plan_required,org_chart_staffing_required,audit_report_required,references_required,two_stage_application,online_portal_submission,notes
Health Resources and Services Administration,HRSA,yes,,,,,,,yes,,,,yes,no,,,,,,,,,,,,,,,,,,,,,,,,,,,,,,EXAMPLE (verify): US federal; 501(c)(3) eligible; SAM/UEI required; cost-reimbursement
Bill & Melinda Gates Foundation,BMGF,,,,,no,,,,,,,,,,,,,,,,,,,,,,,,,,,,,,,,,,,,,,fill in
Wellcome Trust,Wellcome,,,,,yes,,,,,,,,,,,,,,,,,,,,,,,,,,,,,,,,,,,,,,fill in
GiveWell,GiveWell,,,,,yes,,,,,,,,,,,,,,,,,,,,,,,,,,,,,,,,,,,,,,fill in
Global Fund,GF,,,,,,,,,,,,,,,,,,,,,,,,,,,,,,,,,,,,,,,,,,fill in,
Global Innovation Fund,GIF,,,,,,,,,,,,,,,,,,,,,,,,,,,,,,,,,,,,,,,,,,fill in,
National Institute for Health and Care Research,NIHR,,,,,,,,,,,,,,,,,,,,,,,,,,,,,,,,,,,,,,,,,,fill in,
USAID,USAID,,,,,,,,,yes,,,,yes,,,,,,,,,,,,,,,,,,,,,,,,,,,,,,fill in
Spanish Agency for International Development Cooperation,AECID ,,,,,,,,,,,,,,,,,,,,,,,,,,,,,,,,,,,,,,,,,,,
Agence Française de Développement,AFD ,,,,,,,,,,,,,,,,,,,,,,,,,,,,,,,,,,,,,,,,,,,
African Development Bank,AfDB ,,,,,,,,,,,,,,,,,,,,,,,,,,,,,,,,,,,,,,,,,,,
Italian Agency for Development Cooperation,AICS ,,,,,,,,,,,,,,,,,,,,,,,,,,,,,,,,,,,,,,,,,,,
Aga Khan Foundation,AKF ,,,,,,,,,,,,,,,,,,,,,,,,,,,,,,,,,,,,,,,,,,,
German Federal Ministry for Economic Cooperation and Development,BMZ ,,,,,,,,,,,,,,,,,,,,,,,,,,,,,,,,,,,,,,,,,,,
Bloomberg Philanthropies,BP ,,,,,,,,,,,,,,,,,,,,,,,,,,,,,,,,,,,,,,,,,,,
Coalition for Epidemic Preparedness Innovations,CEPI ,,,,,,,,,,,,,,,,,,,,,,,,,,,,,,,,,,,,,,,,,,,
Children's Investment Fund Foundation,CIFF ,,,,,,,,,,,,,,,,,,,,,,,,,,,,,,,,,,,,,,,,,,,
Conrad N. Hilton Foundation,CNHF ,,,,,,,,,,,,,,,,,,,,,,,,,,,,,,,,,,,,,,,,,,,
Comic Relief,CR ,,,,,,,,,,,,,,,,,,,,,,,,,,,,,,,,,,,,,,,,,,,
Chan Zuckerberg Initiative,CZI ,,,,,,,,,,,,,,,,,,,,,,,,,,,,,,,,,,,,,,,,,,,
European Commission (INTPA),EC ,,,,,,,,,,,,,,,,,,,,,,,,,,,,,,,,,,,,,,,,,,,
EU Civil Protection and Humanitarian Aid,DG ECHO ,,,,,,,,,,,,,,,,,,,,,,,,,,,,,,,,,,,,,,,,,,,
The ELMA Philanthropies,ELMA ,,,,,,,,,,,,,,,,,,,,,,,,,,,,,,,,,,,,,,,,,,,
The END Fund,END Fund ,,,,,,,,,,,,,,,,,,,,,,,,,,,,,,,,,,,,,,,,,,,
Fondation Botnar,FB ,,,,,,,,,,,,,,,,,,,,,,,,,,,,,,,,,,,,,,,,,,,
"UK Foreign, Commonwealth & Development Office",FCDO ,,,,,,,,,,,,,,,,,,,,,,,,,,,,,,,,,,,,,,,,,,,
Global Affairs Canada,GAC ,,,,,,,,,,,,,,,,,,,,,,,,,,,,,,,,,,,,,,,,,,,
"Gavi, the Vaccine Alliance",Gavi ,,,,,,,,,,,,,,,,,,,,,,,,,,,,,,,,,,,,,,,,,,,
"The Global Fund to Fight AIDS, Tuberculosis and Malaria",Global Fund ,,,,,,,,,,,,,,,,,,,,,,,,,,,,,,,,,,,,,,,,,,,
Deutsche Gesellschaft für Internationale Zusammenarbeit,GIZ ,,,,,,,,,,,,,,,,,,,,,,,,,,,,,,,,,,,,,,,,,,,
Hewlett Foundation,HF ,,,,,,,,,,,,,,,,,,,,,,,,,,,,,,,,,,,,,,,,,,,
International Development Association (World Bank),IDA ,,,,,,,,,,,,,,,,,,,,,,,,,,,,,,,,,,,,,,,,,,,
IKEA Foundation,IKEA Fdn ,,,,,,,,,,,,,,,,,,,,,,,,,,,,,,,,,,,,,,,,,,,
Japan International Cooperation Agency,JICA ,,,,,,,,,,,,,,,,,,,,,,,,,,,,,,,,,,,,,,,,,,,
KfW Development Bank,KfW ,,,,,,,,,,,,,,,,,,,,,,,,,,,,,,,,,,,,,,,,,,,
Korea International Cooperation Agency,KOICA ,,,,,,,,,,,,,,,,,,,,,,,,,,,,,,,,,,,,,,,,,,,
King Salman Humanitarian Aid and Relief Centre,KSrelief ,,,,,,,,,,,,,,,,,,,,,,,,,,,,,,,,,,,,,,,,,,,
Mastercard Foundation,MCF ,,,,,,,,,,,,,,,,,,,,,,,,,,,,,,,,,,,,,,,,,,,
Michael & Susan Dell Foundation,MSDF ,,,,,,,,,,,,,,,,,,,,,,,,,,,,,,,,,,,,,,,,,,,
Novo Nordisk Foundation,NNF ,,,,,,,,,,,,,,,,,,,,,,,,,,,,,,,,,,,,,,,,,,,
Norwegian Agency for Development Cooperation,Norad ,,,,,,,,,,,,,,,,,,,,,,,,,,,,,,,,,,,,,,,,,,,
Open Philanthropy,OP ,,,,,,,,,,,,,,,,,,,,,,,,,,,,,,,,,,,,,,,,,,,
Open Society Foundations,OSF ,,,,,,,,,,,,,,,,,,,,,,,,,,,,,,,,,,,,,,,,,,,
David and Lucile Packard Foundation,PPF ,,,,,,,,,,,,,,,,,,,,,,,,,,,,,,,,,,,,,,,,,,,
Qatar Fund for Development,QFFD ,,,,,,,,,,,,,,,,,,,,,,,,,,,,,,,,,,,,,,,,,,,
The Rockefeller Foundation,RF ,,,,,,,,,,,,,,,,,,,,,,,,,,,,,,,,,,,,,,,,,,,
Swiss Agency for Development and Cooperation,SDC ,,,,,,,,,,,,,,,,,,,,,,,,,,,,,,,,,,,,,,,,,,,
Skoll Foundation,SF ,,,,,,,,,,,,,,,,,,,,,,,,,,,,,,,,,,,,,,,,,,,
Swedish International Development Cooperation Agency,Sida ,,,,,,,,,,,,,,,,,,,,,,,,,,,,,,,,,,,,,,,,,,,
Susan Thompson Buffett Foundation,STBF ,,,,,,,,,,,,,,,,,,,,,,,,,,,,,,,,,,,,,,,,,,,
The Audacious Project,TAP ,,,,,,,,,,,,,,,,,,,,,,,,,,,,,,,,,,,,,,,,,,,
Joint United Nations Programme on HIV/AIDS,UNAIDS ,,,,,,,,,,,,,,,,,,,,,,,,,,,,,,,,,,,,,,,,,,,
United Nations Population Fund,UNFPA ,,,,,,,,,,,,,,,,,,,,,,,,,,,,,,,,,,,,,,,,,,,
United Nations High Commissioner for Refugees,UNHCR ,,,,,,,,,,,,,,,,,,,,,,,,,,,,,,,,,,,,,,,,,,,
United Nations Children's Fund,UNICEF ,,,,,,,,,,,,,,,,,,,,,,,,,,,,,,,,,,,,,,,,,,,
Unitaid,Unitaid ,,,,,,,,,,,,,,,,,,,,,,,,,,,,,,,,,,,,,,,,,,,
US Department of State,USDoS,,,,,,,,,,,,,,,,,,,,,,,,,,,,,,,,,,,,,,,,,,,
World Bank,WB ,,,,,,,,,,,,,,,,,,,,,,,,,,,,,,,,,,,,,,,,,,,
Wellcome Trust,Wellcome ,,,,,,,,,,,,,,,,,,,,,,,,,,,,,,,,,,,,,,,,,,,
World Health Organization,WHO ,,,,,,,,,,,,,,,,,,,,,,,,,,,,,,,,,,,,,,,,,,,
Fund for Innovation in Development,FID ,,,,,,,,,,,,,,,,,,,,,,,,,,,,,,,,,,,,,,,,,,,
International Cancer Foundation,ICF ,,,,,,,,,,,,,,,,,,,,,,,,,,,,,,,,,,,,,,,,,,,
,,,,,,,,,,,,,,,,,,,,,,,,,,,,,,,,,,,,,,,,,,,,
# LEGEND: all columns are yes/no EXCEPT donor/donor_short/notes and prefinance_required (none|partial|reimbursement_only). Leave blank where unknown. MUST5 package-weight = count of '*_required' document columns = yes. local_board_required compared against org config org_has_local_board.,,,,,,,,,,,,,,,,,,,,,,,,,,,,,,,,,,,,,,,,,,,,
